{"history":{"type":"data","encoding":"binary","content-type":"application/json","src":"history.json"},"image":{"type":"data","encoding":"binary","content-type":"image/jpeg","src":"image.jpg"},"thumbnail":{"type":"data","encoding":"binary","content-type":"image/jpeg","src":"thumbnail.jpg"},"painting":{"type":"WDPainting","activeLayer":3,"dimensions":{"type":"size","w":768,"h":768},"strokeCount":744,"uuid":"uSlDQPNDR3KCyh8sG+7UOA","changeCount":4,"layers":[{"type":"WDLayer","visible":true,"locked":false,"alphaLocked":false,"blendMode":1852797549,"uuid":"KfA4VeioRf6KPOE9P55I3w","layerImage":{"type":"data","encoding":"binary","content-type":"image/x-brushes-layer","src":"KfA4VeioRf6KPOE9P55I3w"}},{"type":"WDLayer","visible":true,"locked":false,"alphaLocked":false,"blendMode":1852797549,"uuid":"j2-latBpTUCGnkruQEn11g","layerImage":{"type":"data","encoding":"binary","content-type":"image/x-brushes-layer","src":"j2-latBpTUCGnkruQEn11g"}},{"type":"WDLayer","visible":true,"locked":false,"alphaLocked":true,"blendMode":1852797549,"uuid":"aVecBkqBT0uEgnn6a2818Q","layerImage":{"type":"data","encoding":"binary","content-type":"image/x-brushes-layer","src":"aVecBkqBT0uEgnn6a2818Q"}},{"type":"WDLayer","visible":true,"locked":false,"alphaLocked":false,"blendMode":1852797549,"uuid":"QP949VOzTLeBAVz3+Ib6qA","layerImage":{"type":"data","encoding":"binary","content-type":"image/x-brushes-layer","src":"QP949VOzTLeBAVz3+Ib6qA"}}],"imageDatas":{},"brushes":{"type":"NSCountedSet","objects":[{"type":"WDBrush","generator":{"type":"WDSquareBristleGenerator","seed":439945596,"size":{"type":"size","w":512,"h":512},"blurRadius":0,"bristleDensity":22.4859},"uuid":"YZs5l9d2Rb2zsKWd60t1ww","weight":32.182,"intensity":0.3,"angle":0,"spacing":0.02,"rotationalScatter":0,"positionalScatter":0.5,"angleDynamics":1,"weightDynamics":0,"intensityDynamics":1},33,{"type":"WDBrush","generator":{"type":"WDSquareBristleGenerator","seed":439945596,"size":{"type":"size","w":512,"h":512},"blurRadius":0,"bristleDensity":13.4689},"uuid":"PdLF9B63R2a4CF+C5h4Lbw","weight":11.72,"intensity":0.0564972,"angle":0,"spacing":0.02,"rotationalScatter":0,"positionalScatter":0.5,"angleDynamics":1,"weightDynamics":0,"intensityDynamics":1},2,{"type":"WDBrush","generator":{"type":"WDSquareBristleGenerator","seed":439945596,"size":{"type":"size","w":512,"h":512},"blurRadius":0,"bristleDensity":13.4689},"uuid":"xWKXHYvfQiuVO+seoSMMFw","weight":9.687,"intensity":0.189266,"angle":0,"spacing":0.02,"rotationalScatter":0,"positionalScatter":0.5,"angleDynamics":1,"weightDynamics":0,"intensityDynamics":1},37,{"type":"WDBrush","generator":{"type":"WDBristleGenerator","seed":1351024287,"size":{"type":"size","w":512,"h":512},"blurRadius":0,"bristleSize":0.423898,"bristleDensity":0.01},"uuid":"--FWoi0lRN+IlbgAg-M4CA","weight":98.101,"intensity":0.3,"angle":0,"spacing":0.246452,"rotationalScatter":1,"positionalScatter":1,"angleDynamics":1,"weightDynamics":0.101695,"intensityDynamics":0.435028},12,{"type":"WDBrush","generator":{"type":"WDSquareBristleGenerator","seed":439945596,"size":{"type":"size","w":512,"h":512},"blurRadius":0,"bristleDensity":13.4689},"uuid":"FfIZzT7HSumriEPZYSWVMQ","weight":18.885,"intensity":0.189266,"angle":0,"spacing":0.02,"rotationalScatter":0,"positionalScatter":0.5,"angleDynamics":1,"weightDynamics":0,"intensityDynamics":1},4,{"type":"WDBrush","generator":{"type":"WDSquareBristleGenerator","seed":439945596,"size":{"type":"size","w":512,"h":512},"blurRadius":0,"bristleDensity":7},"uuid":"fJ8FCquRSAmz8RgxsGvqdw","weight":89.925,"intensity":0.3,"angle":0,"spacing":0.02,"rotationalScatter":0,"positionalScatter":0.5,"angleDynamics":1,"weightDynamics":0,"intensityDynamics":1},34,{"type":"WDBrush","generator":{"type":"WDSquareBristleGenerator","seed":439945596,"size":{"type":"size","w":512,"h":512},"blurRadius":0,"bristleDensity":22.4859},"uuid":"N4saoNTST6W9J5c3+BJfTg","weight":18.385,"intensity":0.3,"angle":0,"spacing":0.02,"rotationalScatter":0,"positionalScatter":0.5,"angleDynamics":1,"weightDynamics":0,"intensityDynamics":1},14,{"type":"WDBrush","generator":{"type":"WDSquareBristleGenerator","seed":439945596,"size":{"type":"size","w":512,"h":512},"blurRadius":0,"bristleDensity":13.4689},"uuid":"6iU2X9pUTNa+9TRJiwlRlA","weight":11.72,"intensity":0.3,"angle":0,"spacing":0.02,"rotationalScatter":0,"positionalScatter":0.5,"angleDynamics":1,"weightDynamics":0,"intensityDynamics":1},16,{"type":"WDBrush","generator":{"type":"WDSquareBristleGenerator","seed":439945596,"size":{"type":"size","w":512,"h":512},"blurRadius":0,"bristleDensity":8.48588},"uuid":"-9ASoWETQTmOWzWwx74Fag","weight":114.431,"intensity":0.189266,"angle":0,"spacing":0.02,"rotationalScatter":0,"positionalScatter":0.5,"angleDynamics":1,"weightDynamics":0,"intensityDynamics":1},9,{"type":"WDBrush","generator":{"type":"WDSquareBristleGenerator","seed":439945596,"size":{"type":"size","w":512,"h":512},"blurRadius":0,"bristleDensity":22.4859},"uuid":"9KrKrOLrRy+TXm4abucgQw","weight":13.275,"intensity":0.3,"angle":0,"spacing":0.02,"rotationalScatter":0,"positionalScatter":0.5,"angleDynamics":1,"weightDynamics":0,"intensityDynamics":1},18,{"type":"WDBrush","generator":{"type":"WDSplotchGenerator","seed":1058773813,"size":{"type":"size","w":512,"h":512},"blurRadius":10,"splotchiness":33.8559},"uuid":"2r6h4wszTL+Zb7etcZ4oiA","weight":36.7325,"intensity":0.30893,"angle":0,"spacing":0.1,"rotationalScatter":1,"positionalScatter":0.2,"angleDynamics":0,"weightDynamics":0.372881,"intensityDynamics":0.728814},2,{"type":"WDBrush","generator":{"type":"WDSquareBristleGenerator","seed":439945596,"size":{"type":"size","w":512,"h":512},"blurRadius":0,"bristleDensity":13.4689},"uuid":"RF-mSz8YROCmpNjvC8DZng","weight":7.143,"intensity":0.3,"angle":0,"spacing":0.02,"rotationalScatter":0,"positionalScatter":0.5,"angleDynamics":1,"weightDynamics":0,"intensityDynamics":1},28,{"type":"WDBrush","generator":{"type":"WDSquareBristleGenerator","seed":439945596,"size":{"type":"size","w":512,"h":512},"blurRadius":0,"bristleDensity":13.4689},"uuid":"NPWA-HP1TK2Kn3q33-Wz3w","weight":19.407,"intensity":0.189266,"angle":0,"spacing":0.02,"rotationalScatter":0,"positionalScatter":0.5,"angleDynamics":1,"weightDynamics":0,"intensityDynamics":1},17,{"type":"WDBrush","generator":{"type":"WDSquareBristleGenerator","seed":439945596,"size":{"type":"size","w":512,"h":512},"blurRadius":0,"bristleDensity":13.4689},"uuid":"yugqVs6tQTuR3Id+WOEePA","weight":8.154,"intensity":0.189266,"angle":0,"spacing":0.02,"rotationalScatter":0,"positionalScatter":0.5,"angleDynamics":1,"weightDynamics":0,"intensityDynamics":1},2,{"type":"WDBrush","generator":{"type":"WDSquareBristleGenerator","seed":439945596,"size":{"type":"size","w":512,"h":512},"blurRadius":0,"bristleDensity":13.4689},"uuid":"qscrHNDeQtCDVZ7sM8MuXw","weight":27.072,"intensity":0.3,"angle":0,"spacing":0.02,"rotationalScatter":0,"positionalScatter":0.5,"angleDynamics":1,"weightDynamics":0,"intensityDynamics":1},27,{"type":"WDBrush","generator":{"type":"WDSquareBristleGenerator","seed":439945596,"size":{"type":"size","w":512,"h":512},"blurRadius":0,"bristleDensity":15.6836},"uuid":"TskXTZiiS62-E69jsxHAew","weight":49.556,"intensity":0.3,"angle":0,"spacing":0.02,"rotationalScatter":0,"positionalScatter":0.5,"angleDynamics":1,"weightDynamics":0,"intensityDynamics":1},2,{"type":"WDBrush","generator":{"type":"WDSplotchGenerator","seed":1058773813,"size":{"type":"size","w":512,"h":512},"blurRadius":10,"splotchiness":33.8559},"uuid":"8ZvDMBSYSGmxfH95P6Sn+Q","weight":99.5855,"intensity":0.30893,"angle":0,"spacing":0.1,"rotationalScatter":1,"positionalScatter":0.2,"angleDynamics":0,"weightDynamics":0.372881,"intensityDynamics":0.728814},7,{"type":"WDBrush","generator":{"type":"WDSquareBristleGenerator","seed":439945596,"size":{"type":"size","w":512,"h":512},"blurRadius":0,"bristleDensity":13.4689},"uuid":"jA4oLNVLT2CoBWfZfjmxTg","weight":46.468,"intensity":0.189266,"angle":0,"spacing":0.02,"rotationalScatter":0,"positionalScatter":0.5,"angleDynamics":1,"weightDynamics":0,"intensityDynamics":1},9,{"type":"WDBrush","generator":{"type":"WDRoundGenerator","seed":1399242023,"size":{"type":"size","w":512,"h":512},"blurRadius":0,"hardness":0.79096},"uuid":"pw0xkJF-QUuvynHkZpJduw","weight":27.561,"intensity":0.20339,"angle":0,"spacing":0.02,"rotationalScatter":0,"positionalScatter":0,"angleDynamics":0,"weightDynamics":0.717514,"intensityDynamics":0},3,{"type":"WDBrush","generator":{"type":"WDRoundGenerator","seed":1399242023,"size":{"type":"size","w":512,"h":512},"blurRadius":0,"hardness":0.79096},"uuid":"WogX4Y3VQXi+fbEdgZomgg","weight":27.061,"intensity":0.20339,"angle":0,"spacing":0.02,"rotationalScatter":0,"positionalScatter":0,"angleDynamics":0,"weightDynamics":0.717514,"intensityDynamics":0},5,{"type":"WDBrush","generator":{"type":"WDSquareBristleGenerator","seed":439945596,"size":{"type":"size","w":512,"h":512},"blurRadius":0,"bristleDensity":13.4689},"uuid":"luW8-K3YQTCARFr4nYBbMA","weight":14.808,"intensity":0.3,"angle":0,"spacing":0.02,"rotationalScatter":0,"positionalScatter":0.5,"angleDynamics":1,"weightDynamics":0,"intensityDynamics":1},23,{"type":"WDBrush","generator":{"type":"WDSquareBristleGenerator","seed":439945596,"size":{"type":"size","w":512,"h":512},"blurRadius":0,"bristleDensity":13.4689},"uuid":"z5AmXa7uT0u1dmp+XuWONA","weight":30.138,"intensity":0.189266,"angle":0,"spacing":0.02,"rotationalScatter":0,"positionalScatter":0.5,"angleDynamics":1,"weightDynamics":0,"intensityDynamics":1},2,{"type":"WDBrush","generator":{"type":"WDRoundGenerator","seed":1399242023,"size":{"type":"size","w":512,"h":512},"blurRadius":0,"hardness":0.79096},"uuid":"PpHuKuFlSdKQ+thqNRmO2Q","weight":38.814,"intensity":0.20339,"angle":0,"spacing":0.02,"rotationalScatter":0,"positionalScatter":0,"angleDynamics":0,"weightDynamics":0.717514,"intensityDynamics":0},2,{"type":"WDBrush","generator":{"type":"WDSquareBristleGenerator","seed":439945596,"size":{"type":"size","w":512,"h":512},"blurRadius":0,"bristleDensity":22.4859},"uuid":"0VkJnZ9KRsah-lzMzcs4Jg","weight":56.199,"intensity":0.3,"angle":0,"spacing":0.02,"rotationalScatter":0,"positionalScatter":0.5,"angleDynamics":1,"weightDynamics":0,"intensityDynamics":1},9,{"type":"WDBrush","generator":{"type":"WDSquareBristleGenerator","seed":439945596,"size":{"type":"size","w":512,"h":512},"blurRadius":0,"bristleDensity":13.4689},"uuid":"e-jPOXhET3ehnrCGkXH2vg","weight":7.643,"intensity":0.189266,"angle":0,"spacing":0.02,"rotationalScatter":0,"positionalScatter":0.5,"angleDynamics":1,"weightDynamics":0,"intensityDynamics":1},3,{"type":"WDBrush","generator":{"type":"WDSquareBristleGenerator","seed":439945596,"size":{"type":"size","w":512,"h":512},"blurRadius":0,"bristleDensity":13.4689},"uuid":"ptrx7aWcQ3aXxqk6tWCCew","weight":46.468,"intensity":0.0564972,"angle":0,"spacing":0.02,"rotationalScatter":0,"positionalScatter":0.5,"angleDynamics":1,"weightDynamics":0,"intensityDynamics":1},10,{"type":"WDBrush","generator":{"type":"WDSquareBristleGenerator","seed":439945596,"size":{"type":"size","w":512,"h":512},"blurRadius":0,"bristleDensity":13.4689},"uuid":"bUrSqTZkSiuc89kywed44Q","weight":20.429,"intensity":0.189266,"angle":0,"spacing":0.02,"rotationalScatter":0,"positionalScatter":0.5,"angleDynamics":1,"weightDynamics":0,"intensityDynamics":1},27,{"type":"WDBrush","generator":{"type":"WDZigZagGenerator","seed":1030798246,"size":{"type":"size","w":512,"h":512},"blurRadius":0,"density":20},"uuid":"sNg-pWIdQBSiC4vaSQWSDA","weight":22.473,"intensity":0.20339,"angle":0,"spacing":0.06,"rotationalScatter":1,"positionalScatter":0,"angleDynamics":0,"weightDynamics":0.717514,"intensityDynamics":0},6,{"type":"WDBrush","generator":{"type":"WDMosaicGenerator","seed":1848179950,"size":{"type":"size","w":512,"h":512},"blurRadius":0,"deviation":0.89,"density":50},"uuid":"3ckdnbJMREqy+5tCvC1ljQ","weight":56.199,"intensity":0.3,"angle":0,"spacing":0.02,"rotationalScatter":0,"positionalScatter":0.5,"angleDynamics":1,"weightDynamics":0,"intensityDynamics":1},85,{"type":"WDBrush","generator":{"type":"WDRoundGenerator","seed":1399242023,"size":{"type":"size","w":512,"h":512},"blurRadius":0,"hardness":0.79096},"uuid":"bQn4VPxBRgmRXX9EXXVoow","weight":55.666,"intensity":0.20339,"angle":0,"spacing":0.02,"rotationalScatter":0,"positionalScatter":0,"angleDynamics":0,"weightDynamics":0.717514,"intensityDynamics":0},15,{"type":"WDBrush","generator":{"type":"WDSquareBristleGenerator","seed":439945596,"size":{"type":"size","w":512,"h":512},"blurRadius":0,"bristleDensity":13.4689},"uuid":"PLK8CA-ZTfm9mMkhAAl0yQ","weight":45.468,"intensity":0.3,"angle":0,"spacing":0.02,"rotationalScatter":0,"positionalScatter":0.5,"angleDynamics":1,"weightDynamics":0,"intensityDynamics":1},47,{"type":"WDBrush","generator":{"type":"WDSquareBristleGenerator","seed":439945596,"size":{"type":"size","w":512,"h":512},"blurRadius":0,"bristleDensity":13.4689},"uuid":"5JClObqOSq6Tq+eS0ArBfg","weight":44.957,"intensity":0.189266,"angle":0,"spacing":0.02,"rotationalScatter":0,"positionalScatter":0.5,"angleDynamics":1,"weightDynamics":0,"intensityDynamics":1},16,{"type":"WDBrush","generator":{"type":"WDSquareBristleGenerator","seed":439945596,"size":{"type":"size","w":512,"h":512},"blurRadius":0,"bristleDensity":13.4689},"uuid":"Lyr6n0pUQWyZmzVsEooK0Q","weight":4.577,"intensity":0.189266,"angle":0,"spacing":0.02,"rotationalScatter":0,"positionalScatter":0.5,"angleDynamics":1,"weightDynamics":0,"intensityDynamics":1},16,{"type":"WDBrush","generator":{"type":"WDSquareBristleGenerator","seed":439945596,"size":{"type":"size","w":512,"h":512},"blurRadius":0,"bristleDensity":13.4689},"uuid":"ToWj2SkrSryKEtekIz9iBQ","weight":45.446,"intensity":0.3,"angle":0,"spacing":0.02,"rotationalScatter":0,"positionalScatter":0.5,"angleDynamics":1,"weightDynamics":0,"intensityDynamics":1},8,{"type":"WDBrush","generator":{"type":"WDSquareBristleGenerator","seed":439945596,"size":{"type":"size","w":512,"h":512},"blurRadius":0,"bristleDensity":13.4689},"uuid":"H1I1SfbzS06kqeb9+vjbcQ","weight":46.99,"intensity":0.189266,"angle":0,"spacing":0.02,"rotationalScatter":0,"positionalScatter":0.5,"angleDynamics":1,"weightDynamics":0,"intensityDynamics":1},11,{"type":"WDBrush","generator":{"type":"WDSquareBristleGenerator","seed":439945596,"size":{"type":"size","w":512,"h":512},"blurRadius":0,"bristleDensity":13.4689},"uuid":"InjNEAIdTCWOBa4nUMjcNQ","weight":45.468,"intensity":0.189266,"angle":0,"spacing":0.02,"rotationalScatter":0,"positionalScatter":0.5,"angleDynamics":1,"weightDynamics":0,"intensityDynamics":1},161,{"type":"WDBrush","generator":{"type":"WDSquareBristleGenerator","seed":439945596,"size":{"type":"size","w":512,"h":512},"blurRadius":0,"bristleDensity":13.4689},"uuid":"Mb4Yl6hsTt2QoqlmQGVbgw","weight":42.902,"intensity":0.189266,"angle":0,"spacing":0.02,"rotationalScatter":0,"positionalScatter":0.5,"angleDynamics":1,"weightDynamics":0,"intensityDynamics":1},22]},"colors":{"type":"NSCountedSet","objects":[{"type":"WDColor","h":0.0162037,"s":0.827586,"b":0.341176,"a":0.383789},4,{"type":"WDColor","h":0.0143678,"s":0.831301,"b":0.465447,"a":0.647461},46,{"type":"WDColor","h":0.0132013,"s":0.480952,"b":0.823529,"a":0.34082},26,{"type":"WDColor","h":0.0153846,"s":0.707317,"b":0.304878,"a":0.994141},7,{"type":"WDColor","h":0.0132576,"s":0.814815,"b":0.423529,"a":0.34082},6,{"type":"WDColor","h":0.0123457,"s":0.658537,"b":0.482353,"a":0.364258},3,{"type":"WDColor","h":0.0132576,"s":0.82243,"b":0.419608,"a":0.34082},27,{"type":"WDColor","h":0.0145833,"s":0.842105,"b":0.372549,"a":0.364258},4,{"type":"WDColor","h":0.0174603,"s":0.628743,"b":0.654902,"a":0.629883},13,{"type":"WDColor","h":0.0115773,"s":0.205285,"b":0.977642,"a":0.749023},18,{"type":"WDColor","h":0.0160256,"s":0.485981,"b":0.839216,"a":0.34082},29,{"type":"WDColor","h":0.0143678,"s":0.892276,"b":0.292683,"a":0.34082},49,{"type":"WDColor","h":0.611111,"s":0.493151,"b":0.858824,"a":1},17,{"type":"WDColor","h":0.00666667,"s":0.769231,"b":0.254902,"a":1},4,{"type":"WDColor","h":0.0182927,"s":0.625954,"b":0.513726,"a":0.458984},5,{"type":"WDColor","h":0.0194175,"s":0.522843,"b":0.772549,"a":0.364258},8,{"type":"WDColor","h":0.0173555,"s":0.416667,"b":0.353659,"a":0.629883},27,{"type":"WDColor","h":0.0159574,"s":0.764228,"b":0.482353,"a":0.473633},13,{"type":"WDColor","h":0.00308122,"s":0.160569,"b":1,"a":1},1,{"type":"WDColor","h":0.0146199,"s":0.839431,"b":0.160569,"a":0.364258},4,{"type":"WDColor","h":0.0106838,"s":0.728972,"b":0.419608,"a":0.34082},2,{"type":"WDColor","h":0.017094,"s":0.79065,"b":0.239837,"a":0.402344},1,{"type":"WDColor","h":0.0153846,"s":0.707317,"b":0.304878,"a":0.629883},3,{"type":"WDColor","h":0.0174603,"s":0.644309,"b":0.924797,"a":0.629883},19,{"type":"WDColor","h":0.00308122,"s":0.050813,"b":1,"a":1},7,{"type":"WDColor","h":0.0162037,"s":0.833333,"b":0.132114,"a":0.473633},15,{"type":"WDColor","h":0.012987,"s":0.719626,"b":0.419608,"a":0.383789},4,{"type":"WDColor","h":0.611019,"s":0.5,"b":0.412602,"a":1},4,{"type":"WDColor","h":0.0162037,"s":0.839431,"b":0.189024,"a":0.383789},3,{"type":"WDColor","h":0.0141243,"s":0.766234,"b":0.301961,"a":0.473633},1,{"type":"WDColor","h":0.0143678,"s":0.892276,"b":0.292683,"a":0.492188},17,{"type":"WDColor","h":0.610063,"s":0.504762,"b":0.411765,"a":1},24,{"type":"WDColor","h":0.0174603,"s":0.254065,"b":1,"a":0.629883},10,{"type":"WDColor","h":0.0123457,"s":0,"b":1,"a":0.667969},14,{"type":"WDColor","h":0.0146199,"s":0.814286,"b":0.27451,"a":0.364258},10,{"type":"WDColor","h":0.0143678,"s":0.859756,"b":0.197154,"a":0.34082},26,{"type":"WDColor","h":0.0153846,"s":0.743902,"b":0.544715,"a":0.629883},19,{"type":"WDColor","h":0.345229,"s":0.819106,"b":0.126016,"a":1},19,{"type":"WDColor","h":0.0153846,"s":0.532787,"b":0.478431,"a":0.629883},2,{"type":"WDColor","h":0.0151515,"s":0.785714,"b":0.384314,"a":0.298828},8,{"type":"WDColor","h":0.017094,"s":0.493671,"b":0.619608,"a":0.473633},5,{"type":"WDColor","h":0.017094,"s":0.784553,"b":0.0934959,"a":0.402344},27,{"type":"WDColor","h":0.0143678,"s":0.770325,"b":0.355691,"a":0.458984},23,{"type":"WDColor","h":0.010929,"s":0.802632,"b":0.298039,"a":1},2,{"type":"WDColor","h":0.0153846,"s":0.20122,"b":0.995935,"a":0.994141},4,{"type":"WDColor","h":0.017094,"s":0.787879,"b":0.388235,"a":0.34082},6,{"type":"WDColor","h":0.0143678,"s":0.215447,"b":1,"a":0.458984},28,{"type":"WDColor","h":0.0182927,"s":0.727642,"b":0.455285,"a":0.458984},31,{"type":"WDColor","h":0.0132275,"s":0.807692,"b":0.305882,"a":1},4,{"type":"WDColor","h":0.0169082,"s":0.831325,"b":0.32549,"a":0.34082},3,{"type":"WDColor","h":0.0170068,"s":0.608696,"b":0.631373,"a":0.629883},10,{"type":"WDColor","h":0.017094,"s":0.787879,"b":0.388235,"a":0.402344},5,{"type":"WDColor","h":0.0173555,"s":0.628049,"b":0.656504,"a":1},45,{"type":"WDColor","h":0.0162037,"s":0.829268,"b":0.0691057,"a":0.383789},32]},"undoneBrushes":[]}}