{"history":{"type":"data","encoding":"binary","content-type":"application/json","src":"history.json"},"image":{"type":"data","encoding":"binary","content-type":"image/jpeg","src":"image.jpg"},"thumbnail":{"type":"data","encoding":"binary","content-type":"image/jpeg","src":"thumbnail.jpg"},"painting":{"type":"WDPainting","activeLayer":3,"dimensions":{"type":"size","w":1536,"h":1536},"strokeCount":744,"uuid":"KBZgrTSuTRyYhYyCED6XnA","changeCount":4,"layers":[{"type":"WDLayer","visible":true,"locked":false,"alphaLocked":false,"blendMode":1852797549,"uuid":"KfA4VeioRf6KPOE9P55I3w","layerImage":{"type":"data","encoding":"binary","content-type":"image/x-brushes-layer","src":"KfA4VeioRf6KPOE9P55I3w"}},{"type":"WDLayer","visible":true,"locked":false,"alphaLocked":false,"blendMode":1852797549,"uuid":"j2-latBpTUCGnkruQEn11g","layerImage":{"type":"data","encoding":"binary","content-type":"image/x-brushes-layer","src":"j2-latBpTUCGnkruQEn11g"}},{"type":"WDLayer","visible":true,"locked":false,"alphaLocked":true,"blendMode":1852797549,"uuid":"aVecBkqBT0uEgnn6a2818Q","layerImage":{"type":"data","encoding":"binary","content-type":"image/x-brushes-layer","src":"aVecBkqBT0uEgnn6a2818Q"}},{"type":"WDLayer","visible":true,"locked":false,"alphaLocked":false,"blendMode":1852797549,"uuid":"pKh0ilHUS5KtnlCH-e207g","layerImage":{"type":"data","encoding":"binary","content-type":"image/x-brushes-layer","src":"pKh0ilHUS5KtnlCH-e207g"}}],"imageDatas":{},"brushes":{"type":"NSCountedSet","objects":[{"type":"WDBrush","generator":{"type":"WDSquareBristleGenerator","seed":439945596,"size":{"type":"size","w":512,"h":512},"blurRadius":0,"bristleDensity":13.4689},"uuid":"VKOCB6CmTguMsRd6BIZRzw","weight":16.308,"intensity":0.189266,"angle":0,"spacing":0.02,"rotationalScatter":0,"positionalScatter":0.5,"angleDynamics":1,"weightDynamics":0,"intensityDynamics":1},2,{"type":"WDBrush","generator":{"type":"WDRoundGenerator","seed":1399242023,"size":{"type":"size","w":512,"h":512},"blurRadius":0,"hardness":0.79096},"uuid":"kUDSqew7STuc64AYldSDpg","weight":111.332,"intensity":0.20339,"angle":0,"spacing":0.02,"rotationalScatter":0,"positionalScatter":0,"angleDynamics":0,"weightDynamics":0.717514,"intensityDynamics":0},15,{"type":"WDBrush","generator":{"type":"WDSquareBristleGenerator","seed":439945596,"size":{"type":"size","w":512,"h":512},"blurRadius":0,"bristleDensity":13.4689},"uuid":"XSLr0vZiTVGwDwr3Ppi6eA","weight":14.286,"intensity":0.3,"angle":0,"spacing":0.02,"rotationalScatter":0,"positionalScatter":0.5,"angleDynamics":1,"weightDynamics":0,"intensityDynamics":1},28,{"type":"WDBrush","generator":{"type":"WDSquareBristleGenerator","seed":439945596,"size":{"type":"size","w":512,"h":512},"blurRadius":0,"bristleDensity":13.4689},"uuid":"bppOaaqwQF+i0KKyRxB1Fg","weight":93.98,"intensity":0.189266,"angle":0,"spacing":0.02,"rotationalScatter":0,"positionalScatter":0.5,"angleDynamics":1,"weightDynamics":0,"intensityDynamics":1},11,{"type":"WDBrush","generator":{"type":"WDSquareBristleGenerator","seed":439945596,"size":{"type":"size","w":512,"h":512},"blurRadius":0,"bristleDensity":22.4859},"uuid":"sjiCy3nlQcebInuxnF8Fdg","weight":112.398,"intensity":0.3,"angle":0,"spacing":0.02,"rotationalScatter":0,"positionalScatter":0.5,"angleDynamics":1,"weightDynamics":0,"intensityDynamics":1},9,{"type":"WDBrush","generator":{"type":"WDSplotchGenerator","seed":1058773813,"size":{"type":"size","w":512,"h":512},"blurRadius":10,"splotchiness":33.8559},"uuid":"CwHEDDUVQSeV90xf-UEfow","weight":73.465,"intensity":0.30893,"angle":0,"spacing":0.1,"rotationalScatter":1,"positionalScatter":0.2,"angleDynamics":0,"weightDynamics":0.372881,"intensityDynamics":0.728814},2,{"type":"WDBrush","generator":{"type":"WDSquareBristleGenerator","seed":439945596,"size":{"type":"size","w":512,"h":512},"blurRadius":0,"bristleDensity":13.4689},"uuid":"8D4lltYbRVa+dW5fS2N76g","weight":19.374,"intensity":0.189266,"angle":0,"spacing":0.02,"rotationalScatter":0,"positionalScatter":0.5,"angleDynamics":1,"weightDynamics":0,"intensityDynamics":1},37,{"type":"WDBrush","generator":{"type":"WDSquareBristleGenerator","seed":439945596,"size":{"type":"size","w":512,"h":512},"blurRadius":0,"bristleDensity":13.4689},"uuid":"Uo5LWZqWQWG7nB6OkuLuSQ","weight":23.44,"intensity":0.0564972,"angle":0,"spacing":0.02,"rotationalScatter":0,"positionalScatter":0.5,"angleDynamics":1,"weightDynamics":0,"intensityDynamics":1},2,{"type":"WDBrush","generator":{"type":"WDBristleGenerator","seed":1351024287,"size":{"type":"size","w":512,"h":512},"blurRadius":0,"bristleSize":0.423898,"bristleDensity":0.01},"uuid":"xozMgufnSCmUbjPEusnDxw","weight":196.202,"intensity":0.3,"angle":0,"spacing":0.246452,"rotationalScatter":1,"positionalScatter":1,"angleDynamics":1,"weightDynamics":0.101695,"intensityDynamics":0.435028},12,{"type":"WDBrush","generator":{"type":"WDSquareBristleGenerator","seed":439945596,"size":{"type":"size","w":512,"h":512},"blurRadius":0,"bristleDensity":13.4689},"uuid":"gKkVTnz3QfyBmpv-cNLh3Q","weight":60.276,"intensity":0.189266,"angle":0,"spacing":0.02,"rotationalScatter":0,"positionalScatter":0.5,"angleDynamics":1,"weightDynamics":0,"intensityDynamics":1},2,{"type":"WDBrush","generator":{"type":"WDSquareBristleGenerator","seed":439945596,"size":{"type":"size","w":512,"h":512},"blurRadius":0,"bristleDensity":13.4689},"uuid":"WRGLkA8sSgqo-6tJ1qSHCw","weight":90.936,"intensity":0.3,"angle":0,"spacing":0.02,"rotationalScatter":0,"positionalScatter":0.5,"angleDynamics":1,"weightDynamics":0,"intensityDynamics":1},47,{"type":"WDBrush","generator":{"type":"WDSplotchGenerator","seed":1058773813,"size":{"type":"size","w":512,"h":512},"blurRadius":10,"splotchiness":33.8559},"uuid":"U+wTU56LRnGsmcYCZg-LGA","weight":199.171,"intensity":0.30893,"angle":0,"spacing":0.1,"rotationalScatter":1,"positionalScatter":0.2,"angleDynamics":0,"weightDynamics":0.372881,"intensityDynamics":0.728814},7,{"type":"WDBrush","generator":{"type":"WDSquareBristleGenerator","seed":439945596,"size":{"type":"size","w":512,"h":512},"blurRadius":0,"bristleDensity":22.4859},"uuid":"HUwSOoSVT0OI2oFDirHIHQ","weight":26.55,"intensity":0.3,"angle":0,"spacing":0.02,"rotationalScatter":0,"positionalScatter":0.5,"angleDynamics":1,"weightDynamics":0,"intensityDynamics":1},18,{"type":"WDBrush","generator":{"type":"WDRoundGenerator","seed":1399242023,"size":{"type":"size","w":512,"h":512},"blurRadius":0,"hardness":0.79096},"uuid":"AOGNl7IKSsWkqzYxGQ1iNg","weight":54.122,"intensity":0.20339,"angle":0,"spacing":0.02,"rotationalScatter":0,"positionalScatter":0,"angleDynamics":0,"weightDynamics":0.717514,"intensityDynamics":0},5,{"type":"WDBrush","generator":{"type":"WDSquareBristleGenerator","seed":439945596,"size":{"type":"size","w":512,"h":512},"blurRadius":0,"bristleDensity":13.4689},"uuid":"U6VJ1qJnTIu0z74udBaleA","weight":37.77,"intensity":0.189266,"angle":0,"spacing":0.02,"rotationalScatter":0,"positionalScatter":0.5,"angleDynamics":1,"weightDynamics":0,"intensityDynamics":1},4,{"type":"WDBrush","generator":{"type":"WDSquareBristleGenerator","seed":439945596,"size":{"type":"size","w":512,"h":512},"blurRadius":0,"bristleDensity":13.4689},"uuid":"rWA1LCYETmedLsxRXziqLA","weight":90.936,"intensity":0.189266,"angle":0,"spacing":0.02,"rotationalScatter":0,"positionalScatter":0.5,"angleDynamics":1,"weightDynamics":0,"intensityDynamics":1},161,{"type":"WDBrush","generator":{"type":"WDSquareBristleGenerator","seed":439945596,"size":{"type":"size","w":512,"h":512},"blurRadius":0,"bristleDensity":13.4689},"uuid":"I5gn7ZUFRIWQn+3sTLaqaw","weight":15.286,"intensity":0.189266,"angle":0,"spacing":0.02,"rotationalScatter":0,"positionalScatter":0.5,"angleDynamics":1,"weightDynamics":0,"intensityDynamics":1},3,{"type":"WDBrush","generator":{"type":"WDZigZagGenerator","seed":1030798246,"size":{"type":"size","w":512,"h":512},"blurRadius":0,"density":20},"uuid":"WBh+6N3xR1CpUzzfkBwSTA","weight":44.946,"intensity":0.20339,"angle":0,"spacing":0.06,"rotationalScatter":1,"positionalScatter":0,"angleDynamics":0,"weightDynamics":0.717514,"intensityDynamics":0},6,{"type":"WDBrush","generator":{"type":"WDMosaicGenerator","seed":1848179950,"size":{"type":"size","w":512,"h":512},"blurRadius":0,"deviation":0.89,"density":50},"uuid":"jxo3kImDQyKd6PBkY3fXbw","weight":112.398,"intensity":0.3,"angle":0,"spacing":0.02,"rotationalScatter":0,"positionalScatter":0.5,"angleDynamics":1,"weightDynamics":0,"intensityDynamics":1},85,{"type":"WDBrush","generator":{"type":"WDRoundGenerator","seed":1399242023,"size":{"type":"size","w":512,"h":512},"blurRadius":0,"hardness":0.79096},"uuid":"-U0Cw0WYQiu673cRPOqDFg","weight":55.122,"intensity":0.20339,"angle":0,"spacing":0.02,"rotationalScatter":0,"positionalScatter":0,"angleDynamics":0,"weightDynamics":0.717514,"intensityDynamics":0},3,{"type":"WDBrush","generator":{"type":"WDSquareBristleGenerator","seed":439945596,"size":{"type":"size","w":512,"h":512},"blurRadius":0,"bristleDensity":22.4859},"uuid":"x10P+qzXRia3TbXRPqcP+w","weight":36.77,"intensity":0.3,"angle":0,"spacing":0.02,"rotationalScatter":0,"positionalScatter":0.5,"angleDynamics":1,"weightDynamics":0,"intensityDynamics":1},14,{"type":"WDBrush","generator":{"type":"WDSquareBristleGenerator","seed":439945596,"size":{"type":"size","w":512,"h":512},"blurRadius":0,"bristleDensity":13.4689},"uuid":"nkrILpzVT-eqm1jNY6X+JQ","weight":92.936,"intensity":0.0564972,"angle":0,"spacing":0.02,"rotationalScatter":0,"positionalScatter":0.5,"angleDynamics":1,"weightDynamics":0,"intensityDynamics":1},10,{"type":"WDBrush","generator":{"type":"WDSquareBristleGenerator","seed":439945596,"size":{"type":"size","w":512,"h":512},"blurRadius":0,"bristleDensity":13.4689},"uuid":"IYVvFxLaQ2awOgqUrhD7RA","weight":29.616,"intensity":0.3,"angle":0,"spacing":0.02,"rotationalScatter":0,"positionalScatter":0.5,"angleDynamics":1,"weightDynamics":0,"intensityDynamics":1},23,{"type":"WDBrush","generator":{"type":"WDSquareBristleGenerator","seed":439945596,"size":{"type":"size","w":512,"h":512},"blurRadius":0,"bristleDensity":13.4689},"uuid":"7DXOx6bZQuyn5PjyQKGJWQ","weight":92.936,"intensity":0.189266,"angle":0,"spacing":0.02,"rotationalScatter":0,"positionalScatter":0.5,"angleDynamics":1,"weightDynamics":0,"intensityDynamics":1},9,{"type":"WDBrush","generator":{"type":"WDSquareBristleGenerator","seed":439945596,"size":{"type":"size","w":512,"h":512},"blurRadius":0,"bristleDensity":13.4689},"uuid":"qMU6TBIHQjWbwOVARTnA2Q","weight":9.154,"intensity":0.189266,"angle":0,"spacing":0.02,"rotationalScatter":0,"positionalScatter":0.5,"angleDynamics":1,"weightDynamics":0,"intensityDynamics":1},16,{"type":"WDBrush","generator":{"type":"WDSquareBristleGenerator","seed":439945596,"size":{"type":"size","w":512,"h":512},"blurRadius":0,"bristleDensity":8.48588},"uuid":"m-g0afwlRJqXVHh-aivIwg","weight":228.862,"intensity":0.189266,"angle":0,"spacing":0.02,"rotationalScatter":0,"positionalScatter":0.5,"angleDynamics":1,"weightDynamics":0,"intensityDynamics":1},9,{"type":"WDBrush","generator":{"type":"WDSquareBristleGenerator","seed":439945596,"size":{"type":"size","w":512,"h":512},"blurRadius":0,"bristleDensity":13.4689},"uuid":"NcyeiCEBReyaaKUQQn21uA","weight":40.858,"intensity":0.189266,"angle":0,"spacing":0.02,"rotationalScatter":0,"positionalScatter":0.5,"angleDynamics":1,"weightDynamics":0,"intensityDynamics":1},27,{"type":"WDBrush","generator":{"type":"WDSquareBristleGenerator","seed":439945596,"size":{"type":"size","w":512,"h":512},"blurRadius":0,"bristleDensity":13.4689},"uuid":"NvqR5BXmShqryn89MnDZ-g","weight":23.44,"intensity":0.3,"angle":0,"spacing":0.02,"rotationalScatter":0,"positionalScatter":0.5,"angleDynamics":1,"weightDynamics":0,"intensityDynamics":1},16,{"type":"WDBrush","generator":{"type":"WDSquareBristleGenerator","seed":439945596,"size":{"type":"size","w":512,"h":512},"blurRadius":0,"bristleDensity":13.4689},"uuid":"NlgKURVsTv2dSH5QBJ9V7g","weight":54.144,"intensity":0.3,"angle":0,"spacing":0.02,"rotationalScatter":0,"positionalScatter":0.5,"angleDynamics":1,"weightDynamics":0,"intensityDynamics":1},27,{"type":"WDBrush","generator":{"type":"WDSquareBristleGenerator","seed":439945596,"size":{"type":"size","w":512,"h":512},"blurRadius":0,"bristleDensity":13.4689},"uuid":"70u27SpsQpu5DAPSF6Xr1Q","weight":89.914,"intensity":0.189266,"angle":0,"spacing":0.02,"rotationalScatter":0,"positionalScatter":0.5,"angleDynamics":1,"weightDynamics":0,"intensityDynamics":1},16,{"type":"WDBrush","generator":{"type":"WDSquareBristleGenerator","seed":439945596,"size":{"type":"size","w":512,"h":512},"blurRadius":0,"bristleDensity":13.4689},"uuid":"6Y1AqZfcTCqzZ9eOw0kK8w","weight":90.892,"intensity":0.3,"angle":0,"spacing":0.02,"rotationalScatter":0,"positionalScatter":0.5,"angleDynamics":1,"weightDynamics":0,"intensityDynamics":1},8,{"type":"WDBrush","generator":{"type":"WDSquareBristleGenerator","seed":439945596,"size":{"type":"size","w":512,"h":512},"blurRadius":0,"bristleDensity":15.6836},"uuid":"YpvFVX7oSWO3N-lgO-eDmA","weight":99.112,"intensity":0.3,"angle":0,"spacing":0.02,"rotationalScatter":0,"positionalScatter":0.5,"angleDynamics":1,"weightDynamics":0,"intensityDynamics":1},2,{"type":"WDBrush","generator":{"type":"WDSquareBristleGenerator","seed":439945596,"size":{"type":"size","w":512,"h":512},"blurRadius":0,"bristleDensity":13.4689},"uuid":"aYwVCK4-TNa43J+pZrusKg","weight":85.804,"intensity":0.189266,"angle":0,"spacing":0.02,"rotationalScatter":0,"positionalScatter":0.5,"angleDynamics":1,"weightDynamics":0,"intensityDynamics":1},22,{"type":"WDBrush","generator":{"type":"WDSquareBristleGenerator","seed":439945596,"size":{"type":"size","w":512,"h":512},"blurRadius":0,"bristleDensity":13.4689},"uuid":"sqg9EZvNSj+XQC9QaSsJug","weight":38.814,"intensity":0.189266,"angle":0,"spacing":0.02,"rotationalScatter":0,"positionalScatter":0.5,"angleDynamics":1,"weightDynamics":0,"intensityDynamics":1},17,{"type":"WDBrush","generator":{"type":"WDRoundGenerator","seed":1399242023,"size":{"type":"size","w":512,"h":512},"blurRadius":0,"hardness":0.79096},"uuid":"3aL0xE3PSceC8ztKSfvnXg","weight":77.628,"intensity":0.20339,"angle":0,"spacing":0.02,"rotationalScatter":0,"positionalScatter":0,"angleDynamics":0,"weightDynamics":0.717514,"intensityDynamics":0},2,{"type":"WDBrush","generator":{"type":"WDSquareBristleGenerator","seed":439945596,"size":{"type":"size","w":512,"h":512},"blurRadius":0,"bristleDensity":7},"uuid":"7PaTVV6PRkKjeFkO2Q0PHA","weight":179.85,"intensity":0.3,"angle":0,"spacing":0.02,"rotationalScatter":0,"positionalScatter":0.5,"angleDynamics":1,"weightDynamics":0,"intensityDynamics":1},34,{"type":"WDBrush","generator":{"type":"WDSquareBristleGenerator","seed":439945596,"size":{"type":"size","w":512,"h":512},"blurRadius":0,"bristleDensity":22.4859},"uuid":"3sFPrHeXRcOdzHe+bL6gdQ","weight":64.364,"intensity":0.3,"angle":0,"spacing":0.02,"rotationalScatter":0,"positionalScatter":0.5,"angleDynamics":1,"weightDynamics":0,"intensityDynamics":1},33]},"colors":{"type":"NSCountedSet","objects":[{"type":"WDColor","h":0.0162037,"s":0.827586,"b":0.341176,"a":0.383789},4,{"type":"WDColor","h":0.0143678,"s":0.831301,"b":0.465447,"a":0.647461},46,{"type":"WDColor","h":0.0132013,"s":0.480952,"b":0.823529,"a":0.34082},26,{"type":"WDColor","h":0.0153846,"s":0.707317,"b":0.304878,"a":0.994141},7,{"type":"WDColor","h":0.0132576,"s":0.814815,"b":0.423529,"a":0.34082},6,{"type":"WDColor","h":0.0123457,"s":0.658537,"b":0.482353,"a":0.364258},3,{"type":"WDColor","h":0.0132576,"s":0.82243,"b":0.419608,"a":0.34082},27,{"type":"WDColor","h":0.0145833,"s":0.842105,"b":0.372549,"a":0.364258},4,{"type":"WDColor","h":0.0174603,"s":0.628743,"b":0.654902,"a":0.629883},13,{"type":"WDColor","h":0.0115773,"s":0.205285,"b":0.977642,"a":0.749023},18,{"type":"WDColor","h":0.0160256,"s":0.485981,"b":0.839216,"a":0.34082},29,{"type":"WDColor","h":0.0143678,"s":0.892276,"b":0.292683,"a":0.34082},49,{"type":"WDColor","h":0.611111,"s":0.493151,"b":0.858824,"a":1},17,{"type":"WDColor","h":0.00666667,"s":0.769231,"b":0.254902,"a":1},4,{"type":"WDColor","h":0.0182927,"s":0.625954,"b":0.513726,"a":0.458984},5,{"type":"WDColor","h":0.0194175,"s":0.522843,"b":0.772549,"a":0.364258},8,{"type":"WDColor","h":0.0173555,"s":0.416667,"b":0.353659,"a":0.629883},27,{"type":"WDColor","h":0.0159574,"s":0.764228,"b":0.482353,"a":0.473633},13,{"type":"WDColor","h":0.00308122,"s":0.160569,"b":1,"a":1},1,{"type":"WDColor","h":0.0146199,"s":0.839431,"b":0.160569,"a":0.364258},4,{"type":"WDColor","h":0.0106838,"s":0.728972,"b":0.419608,"a":0.34082},2,{"type":"WDColor","h":0.017094,"s":0.79065,"b":0.239837,"a":0.402344},1,{"type":"WDColor","h":0.0153846,"s":0.707317,"b":0.304878,"a":0.629883},3,{"type":"WDColor","h":0.0174603,"s":0.644309,"b":0.924797,"a":0.629883},19,{"type":"WDColor","h":0.00308122,"s":0.050813,"b":1,"a":1},7,{"type":"WDColor","h":0.0162037,"s":0.833333,"b":0.132114,"a":0.473633},15,{"type":"WDColor","h":0.012987,"s":0.719626,"b":0.419608,"a":0.383789},4,{"type":"WDColor","h":0.611019,"s":0.5,"b":0.412602,"a":1},4,{"type":"WDColor","h":0.0162037,"s":0.839431,"b":0.189024,"a":0.383789},3,{"type":"WDColor","h":0.0141243,"s":0.766234,"b":0.301961,"a":0.473633},1,{"type":"WDColor","h":0.0143678,"s":0.892276,"b":0.292683,"a":0.492188},17,{"type":"WDColor","h":0.610063,"s":0.504762,"b":0.411765,"a":1},24,{"type":"WDColor","h":0.0174603,"s":0.254065,"b":1,"a":0.629883},10,{"type":"WDColor","h":0.0123457,"s":0,"b":1,"a":0.667969},14,{"type":"WDColor","h":0.0146199,"s":0.814286,"b":0.27451,"a":0.364258},10,{"type":"WDColor","h":0.0143678,"s":0.859756,"b":0.197154,"a":0.34082},26,{"type":"WDColor","h":0.0153846,"s":0.743902,"b":0.544715,"a":0.629883},19,{"type":"WDColor","h":0.345229,"s":0.819106,"b":0.126016,"a":1},19,{"type":"WDColor","h":0.0153846,"s":0.532787,"b":0.478431,"a":0.629883},2,{"type":"WDColor","h":0.0151515,"s":0.785714,"b":0.384314,"a":0.298828},8,{"type":"WDColor","h":0.017094,"s":0.493671,"b":0.619608,"a":0.473633},5,{"type":"WDColor","h":0.017094,"s":0.784553,"b":0.0934959,"a":0.402344},27,{"type":"WDColor","h":0.0143678,"s":0.770325,"b":0.355691,"a":0.458984},23,{"type":"WDColor","h":0.010929,"s":0.802632,"b":0.298039,"a":1},2,{"type":"WDColor","h":0.0153846,"s":0.20122,"b":0.995935,"a":0.994141},4,{"type":"WDColor","h":0.017094,"s":0.787879,"b":0.388235,"a":0.34082},6,{"type":"WDColor","h":0.0143678,"s":0.215447,"b":1,"a":0.458984},28,{"type":"WDColor","h":0.0182927,"s":0.727642,"b":0.455285,"a":0.458984},31,{"type":"WDColor","h":0.0132275,"s":0.807692,"b":0.305882,"a":1},4,{"type":"WDColor","h":0.0169082,"s":0.831325,"b":0.32549,"a":0.34082},3,{"type":"WDColor","h":0.0170068,"s":0.608696,"b":0.631373,"a":0.629883},10,{"type":"WDColor","h":0.017094,"s":0.787879,"b":0.388235,"a":0.402344},5,{"type":"WDColor","h":0.0173555,"s":0.628049,"b":0.656504,"a":1},45,{"type":"WDColor","h":0.0162037,"s":0.829268,"b":0.0691057,"a":0.383789},32]},"undoneBrushes":[]}}